<?xml version="1.0" encoding="UTF-8"?>
<project-private xmlns="http://www.netbeans.org/ns/project-private/1">
    <editor-bookmarks xmlns="http://www.netbeans.org/ns/editor-bookmarks/2" lastBookmarkId="0"/>
    <open-files xmlns="http://www.netbeans.org/ns/projectui-open-files/2">
        <group>
            <file>file:/C:/Users/Legion/OneDrive/Documents/SEMESTER%204/PBO/Library%20Management%20System/src/connection.java</file>
            <file>file:/C:/Users/Legion/OneDrive/Documents/SEMESTER%204/PBO/Library%20Management%20System/src/DaftarBuku.java</file>
            <file>file:/C:/Users/Legion/OneDrive/Documents/SEMESTER%204/PBO/Library%20Management%20System/src/newstudent.java</file>
            <file>file:/C:/Users/Legion/OneDrive/Documents/SEMESTER%204/PBO/Library%20Management%20System/src/home.java</file>
            <file>file:/C:/Users/Legion/OneDrive/Documents/SEMESTER%204/PBO/Library%20Management%20System/src/TambahBuku.java</file>
            <file>file:/C:/Users/Legion/OneDrive/Documents/SEMESTER%204/PBO/Library%20Management%20System/src/library/management/system/LibraryManagementSystem.java</file>
            <file>file:/C:/Users/Legion/OneDrive/Documents/SEMESTER%204/PBO/Library%20Management%20System/src/Login.java</file>
        </group>
    </open-files>
</project-private>
